,id,created_at,text
0,1067202499625525248,2018-11-26 23:44:38,this foreign office programme on bbc 2 is brilliant at showing some of the behind the scenes of politics really enj https://t.co/gifzxuttrd'
1,1067189039353290752,2018-11-26 22:51:09,climate change sounds pretty heavy doesn't it
2,1067186377090048000,2018-11-26 22:40:34,and climate change a lot of new information about climate change
3,1067183197547573248,2018-11-26 22:27:56,there's a lot on the news about migration isn't there uk amp america
4,1067003901495468032,2018-11-26 10:35:28,not looking to market anything not looking to go viral haven't got any opinions i want to convey it's very much https://t.co/jpjivlwsnb
5,1067003637212372992,2018-11-26 10:34:25,doesn't want to see politics until it transforms is fatigued with brexit wants it as far away from him as possibl https://t.co/ono7bo7jdd
6,1067003345951440896,2018-11-26 10:33:16,i would want to shape my blog to reflect a post student time and a bit more professional all in good time but ins https://t.co/l9cshvmopb'
7,1067003051179982848,2018-11-26 10:32:06,i didn't think i could have it the way i wanted and i have simplified i've seen that the sector is bigger than mu https://t.co/7eqmwzdp8i
8,1067002768546848773,2018-11-26 10:30:58,and it's not about the markets or pr or advertising its literally about making another daylife career something https://t.co/lc7ftbarcz
9,1067002543220424704,2018-11-26 10:30:04,and i don't want to see the political streams or be part of any of it i don't want to be in that part of the menta https://t.co/ogdzv2bbwx
10,1067002278475898880,2018-11-26 10:29:01,i don't want my life defined by the politics of the day i don't want my timetable to be interrupted by the events https://t.co/d30fipjash
11,1067002019922219008,2018-11-26 10:28:00,and i need to adopt their boundaries as well and make it about a sector and no marketing going forward so there sh https://t.co/nfhlybivl1'
12,1067001744134193158,2018-11-26 10:26:54,there's explosive politics all the time and you feel the ripples in all the campaigns and how people are suddenly https://t.co/kmsc6excxb
13,1067001452256813056,2018-11-26 10:25:44,and it's to make a sector and art project life or a mental health politics and all the slipstream of noise and p https://t.co/lzajryerai
14,1067001008998543361,2018-11-26 10:23:59,there was a choice to make and it's to try to go more proper with the sector while it's waited for me to get on m https://t.co/bavrsgnggi
15,1067000779020660737,2018-11-26 10:23:04,one thing i've learned with therapy is how much i don't trust figures of authority to be genuine to not be milking https://t.co/wzzjbpavll
16,1067000463852273664,2018-11-26 10:21:49,campaigning you need to build around a career anyway if you want to do that but i want to separate the politics https://t.co/sqditjogi0'
17,1067000153868042241,2018-11-26 10:20:35,it is like that as well one offers up campaigns futures and one offers up projects future i would much rather be https://t.co/qfbzpokdim'
18,1066999863550844928,2018-11-26 10:19:26,it's to recognise like there's a digital media mental health campaign ongoing and to keep my distance from that b https://t.co/cvoqnsyyq6
19,1066999556095791104,2018-11-26 10:18:12,it's true isn't it there's like two fields for mental health there's mental health the campaign online that mixes https://t.co/xjrmr2k6td
20,1065926807822770177,2018-11-23 11:15:29,ptsd takes me by surprise we've done therapy on ptsd but at the moment therapy is concentrating on chronic depres https://t.co/tlb33svkjj
21,1065745809742938112,2018-11-22 23:16:16,listening to question time and have to say one of the comments kind of asking for a position from labour on brexit https://t.co/pfayexmcyr'
22,1065741147681755136,2018-11-22 22:57:44,brexit just caused an argument in my flat but i couldn't help but laugh at the drama probably plays out up and do https://t.co/rlzx5ujm9x
23,1065733863442395136,2018-11-22 22:28:48,check out the video below on living with the effects of ptsd that i did with mind the mental health charity nhttps t co n2jiopbvdm
24,1065718210912296960,2018-11-22 21:26:36,so much change in my life this year the stages keep rolling on
25,1065716134907916289,2018-11-22 21:18:21,my mates want me to get back into music production i've just spent three years of my energy repelling that world https://t.co/up17xx4wwr
26,1065685593894674432,2018-11-22 19:16:59,https://t.co/rm4tyicj1q'
27,1065685124359090177,2018-11-22 19:15:07,how's twitter this evening
28,1065563298865790976,2018-11-22 11:11:02,maybe i should of took time off of mental health support work in life in hingsight you could see it that i was be https://t.co/7wxywvkmzj'
29,1065555807457222657,2018-11-22 10:41:16,brexit has been a disaster and for some deadly i wish somebody would stop this madness and renegotiate a future https://t.co/srv3e5y2l9'
30,1065555549587152898,2018-11-22 10:40:14,i still think the political messages of corporations made for the manchester bomber choosing to strike when he did brexit
31,1065554763759185920,2018-11-22 10:37:07,see i knew it mi5 admit making a mistake in not tracking the manchester bomber pre his act of terror
32,1065554471705616385,2018-11-22 10:35:57,my girlfriend thinks i'm educated and respectable xf0 x9f x98 x82 xf0 x9f x98 x9c xf0 x9f x98 x8a
33,1065550984125001728,2018-11-22 10:22:06,i tried that data protection stuff different passwords for everything aw what a ballache it is i suspect no one https://t.co/98zrn8r5or'
34,1065391449716469763,2018-11-21 23:48:10,can t believe that my girlfriend doesn t mind me watching political shows like peston on itv watching the papers now on bbc news
35,1065379124859027456,2018-11-21 22:59:11,watching peston on itv with laura she's that type of woman
36,1064828673075937281,2018-11-20 10:31:53,well i just got told off from my housing officer for leaving a drum outside
37,1064828210028920832,2018-11-20 10:30:03,@wpmtese i think some of their supporters are hard left i like the party more than some of what it attracts i mig https://t.co/b5g6b0irmh'
38,1064692854243639296,2018-11-20 01:32:12,oh hello i still do mental health apparently been distant from social media all year really spending time on my https://t.co/uhmgbk2sur'
39,1064671736585691136,2018-11-20 00:08:17,it's been the best programme i've seen about politics for ages if they did a documentary like this on another area https://t.co/dqqptqxa5i
40,1064668579902251009,2018-11-19 23:55:44,it's interesting this programme it shows the inner workings of politics from another angle that shows more than t https://t.co/flobv3bjps
41,1064667980964028416,2018-11-19 23:53:21,he's a shark their president in america isn't he you see how he just has all his family and people up in politics https://t.co/uzae5aej5l
42,1064665091235291136,2018-11-19 23:41:52,watching the programme on bbc 2 about the foreign office i have to say seeing the workings of behind the scenes is https://t.co/p9yf7ykmff'
43,1064661017446281216,2018-11-19 23:25:41,no the real dating thing is much better i'm not doing online dating again i give it a whirl but it's not for me https://t.co/oovnczu2b4
44,1064642632465432578,2018-11-19 22:12:38,i know people like jeremy corbyn but coupled with shit tories i don't think these times would be for any prospect https://t.co/ano7p74fa4
45,1064642297629937664,2018-11-19 22:11:18,i don't want any of it near me no brexit not even labour i think they are dirtying up quite nicely these days https://t.co/9chyvzww5e
46,1064642085091975168,2018-11-19 22:10:27,i think the sector has benefited from me albeit i was a very unwell man and when i am not well am not arsed and https://t.co/zc1zs64cfv'
47,1064641846830424064,2018-11-19 22:09:31,i think they were there measuring everything it may well be more generic measuring than specific data but it doe https://t.co/okb4awlxep'
48,1064641596841447429,2018-11-19 22:08:31,look at this politics brewing it's the first big event i don't feel is too close to me do you see that how it wa https://t.co/efceo6lapq
49,1064616835826495488,2018-11-19 20:30:07,haha coronation street and its dating app storyline it reminds me of me trying digital dating never again i pre https://t.co/ayb9qdv4ae'
50,1064601988036468739,2018-11-19 19:31:07,men should not be ashamed of opening up about their mental health on this international men's day #internationalmensday
51,1064597607853494275,2018-11-19 19:13:43,my mrs wants me to get back into my music production and so do some from the drum and bass scene i think you're g https://t.co/30rpvfgfju
52,1062725814565920768,2018-11-14 15:15:53,i want to do still mental health but i think a break from social media is doing me some good all that memes thi https://t.co/nhlzkmzkco'
53,1062151496752656385,2018-11-13 01:13:45,i've got to have some level of professional boundaries again in life i've done it before but that was before i we https://t.co/6mm7vdhkyu
54,1062151118044753920,2018-11-13 01:12:15,anxiety is a little high tonight feel like it's been ages since i did a mental health focused blog online wonderi https://t.co/xfbbrkpebq
55,1062018905936457728,2018-11-12 16:26:53,starting to adjust to my age it's took me long enough hasn't it i've never been comfortable with this decade it https://t.co/06agbp6mv5
56,1061581304943271936,2018-11-11 11:28:00,yep someone posted on the sparc page some time ago and they were clearly something to do with the drum amp bass sce https://t.co/qok8qub85s'
57,1061577317863079936,2018-11-11 11:12:10,armistice day i don't think i've ever paid as much attention to one as this one all them people that died it's obscene
58,1058324023803891715,2018-11-02 11:44:44,@shayneedson no i think you are probably right lol
59,1058321614239096833,2018-11-02 11:35:10,daytime tv i've not seen most of these shows for years if at all is this what i've been missing this is grounding then
60,1058084018032443392,2018-11-01 19:51:02,i m watching this programme called frontline care saving the nhs on itv and it is really insightful it is exp https://t.co/dppflel7gv'
61,1057947228579487744,2018-11-01 10:47:29,it's definitely strange being back in the daytime world i am not used to daytime tv it feels good though to get o https://t.co/iqkklcyg5s
62,1057724985173819392,2018-10-31 20:04:22,https://t.co/pwsuf6kigp'
63,1057708167549853696,2018-10-31 18:57:33,happy halloween everybody https://t.co/lwceojec9w'
64,1057682458202816512,2018-10-31 17:15:23,https://t.co/hhjazeahre'
65,1057678847817191424,2018-10-31 17:01:02,rt @charitysane if you're in need of guidance and have nowhere to turn you can call saneline on 0300 304 7000 from 4 30pm to 10 30pm #me
66,1057553428455612416,2018-10-31 08:42:40,rt @timetochange it's nearly #halloween a time where myths and misconceptions about mental illness can be widespread n nfind out what yo
67,1057357148475269120,2018-10-30 19:42:43,https://t.co/vtgaguady3'
68,1057309882834214912,2018-10-30 16:34:54,think perhaps when they diagnosed me with general anxiety that they were actually touching on the effects of myself https://t.co/c90oplpphq'
69,1057297576133832710,2018-10-30 15:46:00,i need to do a new dbs form in order to work in mental health again i am pleased that the ball is rolling hopeful https://t.co/zpvtb7tuot'
70,1057200724357066752,2018-10-30 09:21:09,after three or four years on twitter i do not think that i understand it yet still
71,1057187449405870080,2018-10-30 08:28:24,i am going to sparc today at 2pm i am looking forward to it very much two years on my own rather than as part of a team is quite enough
72,1057023017019162625,2018-10-29 21:35:00,https://t.co/e3mumvfzib'
73,1056973825676587008,2018-10-29 18:19:32,rt @charitysane #depression has overtaken obesity as the most common illness on gp records for the first time https://t.co/flcayihkg0'
74,1056973685784018946,2018-10-29 18:18:58,rt @mindcharity today's budget was an important one for mental health the chancellor committed funding for nhs mental health services an
75,1056965218142769155,2018-10-29 17:45:20,so the budget comes and goes and another event until the end of the decade the tories have wrecked this decade we need faster change
76,1056942344740790272,2018-10-29 16:14:26,like the digital services tax but it is a bit small potatoes #budget2018
77,1056940287732449280,2018-10-29 16:06:16,think it has been a pretty flat budget up to now big on politics #budget2018
78,1056936774033985541,2018-10-29 15:52:18,like the announcement of a new 24 hour mental health crisis line #budget2018
79,1056929281136304128,2018-10-29 15:22:32,rt @thebjpsych post-traumatic stress disorder #ptsd psychotherapy research nhas failed to identify patient characteristics that consiste
80,1056928628276113408,2018-10-29 15:19:56,well with t may promising an end to austerity this will be an interesting budget
81,1056855008904384512,2018-10-29 10:27:24,in costa coffee with my mum having a latte https://t.co/guqxbvofkn'
82,1056834411939930114,2018-10-29 09:05:33,it'll be a first if they haven't managed to offend this year i'm sure they get spoken out about every year for causing offence
83,1056834043751399424,2018-10-29 09:04:05,so have the supermarkets managed not to offend people with mental ill health this year with their halloween costumes
84,1056796639036407808,2018-10-29 06:35:27,why oh why do i keep waking up after 6am i was hoping that i would wake up much later today clocks going back wre https://t.co/kvwqirpj3q'
85,1056671848975491072,2018-10-28 22:19:35,rt @charitysane we're here to listen when the clouds come over rt if you know anyone battling mental illness credit @chirpboard https
86,1056661998593851394,2018-10-28 21:40:26,i am not confused about my sexuality what i was confused with really was the negative vibes i experience in this https://t.co/rjfmworpm3'
87,1056661795920842758,2018-10-28 21:39:38,it's all made me realise to not to joke around with ground that i don't understand some time ago i implied i was https://t.co/sey0ws4iww
88,1056661393825546240,2018-10-28 21:38:02,another one of my mates came out to me this weekend though this guy has been out for 20 years unlike the last tim https://t.co/l69nvryfyg'
89,1056640657262108672,2018-10-28 20:15:38,i want my life as private as i planned for it to be that means zero materials as we know materials are littered a https://t.co/ko4h1hmpe7'
90,1056640430832603136,2018-10-28 20:14:44,spread that around the music industry that knows i want all the materials that breached my life destroyed all soc https://t.co/m8xpwtosil'
91,1056640181057609729,2018-10-28 20:13:45,get that material in that drum and bass scene destroyed all of it my life was private in private mh i want my p https://t.co/mw4tye40vp'
92,1056629170388787200,2018-10-28 19:30:00,in bed listening to the radio it's a bit early but then the clocks did go back one hour https://t.co/ede2vleoi0
93,1056627012197081088,2018-10-28 19:21:25,i bought a new tv and the stand doesn't work for it and the corner of the tv is not flush why is it always me w https://t.co/qm0ixpf0em
94,1056611817810726912,2018-10-28 18:21:02,president trump should do more to control his language and not signal to white supremacists that it is ok to use la https://t.co/zfdafurmdw'
95,1056599262686076929,2018-10-28 17:31:09,never a rabbit in the hat ay phillip hammond
96,1056496285077909505,2018-10-28 10:41:57,people who heard the prime minister will be expecting a change and they will expect that change sooner rather than later #andrewmarr
97,1056495887667642368,2018-10-28 10:40:23,phillip hammond is on #andrewmarr right now and he says government are setting priorities more rhetoric and little substance
98,1056493840499200000,2018-10-28 10:32:14,oh move to one side says john mcdonnell
99,1056489109257179136,2018-10-28 10:13:26,the rhetoric of politics is one of the reasons i don't want politics as a part of my life #andrewmarr
100,1056487621113851905,2018-10-28 10:07:32,you're telling me he has been too cautious up to now phillip hammond
101,1056452766237974528,2018-10-28 07:49:02,i think ten months in mental health begins to focus you everything is about the next step then the next step
102,1056436448340140032,2018-10-28 06:44:11,it provides answers by way of its theory of global thinking i knew a bit about global thinking things like saying https://t.co/dixauk8bj5'
103,1056436098786910208,2018-10-28 06:42:48,i think cbasp is suited because it provides more answers than other therapy kinds it analyses your relationships a https://t.co/jmhq7wudn9'
104,1056435552973664256,2018-10-28 06:40:38,i think the cbasp end of therapy is already more effective that the mct area because it challenges your thinking an https://t.co/cm8eawfvrf'
105,1056434865317535744,2018-10-28 06:37:54,therapy is effective in some areas but i think there's a reason i am on my fourth or fifth module of therapy i th https://t.co/ouupkgx3nq
106,1056431842453344256,2018-10-28 06:25:53,what am i doing awake at this time of the morning ni remember getting in to bed rather early so that must be why
107,1056429310268063745,2018-10-28 06:15:49,@jonatha71653946 indeed i just feel like i had lost two years since being a regular in local mental health and vol https://t.co/5gv02itlre'
108,1056290933040394243,2018-10-27 21:05:58,definitely feel ready for what happened to my life in 2017 only thing is that time came and went and it'll be two https://t.co/iptl2igqj5
109,1056290233187291138,2018-10-27 21:03:11,looking forward to tonight's #bbcpapers
110,1056289511955668993,2018-10-27 21:00:19,no i don't want to sell clothes again mate he says in reviewing his decision last time was a nightmare you end u https://t.co/4eroeeonbm
111,1056285685831921665,2018-10-27 20:45:06,nope mate i'm not looking to sell some clothes online last time i got stuck with the stock and had to give half of it to charity
112,1056238670938816513,2018-10-27 17:38:17,https://t.co/upsbszpo5r'
113,1056223077510590465,2018-10-27 16:36:20,at the magnet pub stockport https://t.co/lzfkeigu1l'
114,1056207371821871104,2018-10-27 15:33:55,at the pub with my friends getting a bite to eat https://t.co/l11p4maenz'
115,1056177657291988993,2018-10-27 13:35:50,keir starmer is definitely one to watch for labour if it wasn't for new heavyweights like him making a name for hi https://t.co/q52mpgdjkx
116,1055900089871462406,2018-10-26 19:12:53,watching eastenders and it seems like television has come quite a way in recent years it appeared to tackle the s https://t.co/j5qi4vovdb'
117,1055875740179357696,2018-10-26 17:36:08,manchester long lost nremember the orange tint nyee olde manchester
118,1055466471441252352,2018-10-25 14:29:51,and don't like the surface pro from microsoft for my creative stuff like photographs i've got it running just emai https://t.co/szb3cnfdkz
119,1055463179130675200,2018-10-25 14:16:46,getting my old self back bit by bit can't even believe it's been two and a half years since mind published their v https://t.co/qfifixt3xz
120,1055462765664591873,2018-10-25 14:15:07,https://t.co/5s8egibyz7'
121,1055451805335896064,2018-10-25 13:31:34,me today https://t.co/ittpawe1pz'
122,1055407900968054791,2018-10-25 10:37:06,yep only so many days i can do in the neighbourhood xf0 x9f x98 x8a
123,1055406894364397569,2018-10-25 10:33:06,and i might tone out red meat from my diet go t total on the drinking really give detoxing a good go
124,1053730078516015104,2018-10-20 19:30:02,@lyrndah i agree i sometimes feel the disgraced of the story if i was functioning correctly i probably wouldn't o https://t.co/ennzzh2srs
125,1053725814007742464,2018-10-20 19:13:05,@lyrndah it really does i can't believe how helpful it turns out to be it really roots and grounds you
126,1053574177641431040,2018-10-20 09:10:33,albeit unpaid and i would have been working for these charities probably a long time ago in training to do so
127,1053574015623806976,2018-10-20 09:09:54,i'm just glad to get my working role in life back after three years away people don't get many second chances in https://t.co/v4jwktov92
128,1053563826686345216,2018-10-20 08:29:25,@shayneedson i think you are probably right there shayne
129,1053563153693446144,2018-10-20 08:26:44,even if it is indirectly near me and nothing to do with me i find modern politics our politics today corrosive https://t.co/lcljwd2m5v'
130,1053375922018140161,2018-10-19 20:02:45,i just got a bad dose of psychosis and every similar event to events that happened to me were triggers digital ma https://t.co/tezjvgbxin'
131,1053371045011439619,2018-10-19 19:43:22,nick clegg with a new job at facebook ay maybe he can advise them to take more care of people's data they are after all a monopoly
132,1053350593463496706,2018-10-19 18:22:06,https://t.co/nxaq276po0'
133,1053341021327777792,2018-10-19 17:44:04,that's the bad news out of the way the good news is i am in touch with stockport progress and recovery centre spa https://t.co/xnv2lcf7eq
134,1053340496947564545,2018-10-19 17:41:59,the rethink mental illness group in stockport was not on tonight no prior warning that it was not going to be on https://t.co/hfok04qxwd'
135,1053334435012247552,2018-10-19 17:17:53,might be going to a rethink mental health group in stockport this evening just not sure it is on yet
136,1053241728382238720,2018-10-19 11:09:30,have a listen to some free verse poetry from myself https://t.co/ybiymbejcm'
137,1053235997041922050,2018-10-19 10:46:44,i went to a dance exercise group at disability stockport today i was welcomed to come but found that it was more https://t.co/1ref8oitux'
138,1053202134584430592,2018-10-19 08:32:11,i've got to stop closing accounts it makes things complicated that i keep starting afresh with new online accounts https://t.co/w9m8rywbso
139,1053144804710907910,2018-10-19 04:44:22,@shayneedson ha i've got no one to blame but myself for tonight i went to the pub earlier in the evening and i u https://t.co/h6qna8f1yh
140,1053143203875078145,2018-10-19 04:38:00,@shayneedson ha it's alright i don't mind a good laugh myself just frustrated lay in bed for hours on end not be https://t.co/0dopnmfvvs
141,1053142140145074176,2018-10-19 04:33:47,nope still can't sleep that'll teach me for going to the pub waking up at daft o clock is not the one
142,1053127453525397504,2018-10-19 03:35:25,waking up at daft o clock and no being able to get back to sleep for the last hour
143,1053030944645484545,2018-10-18 21:11:56,@alicealderson2 don't be sorry i don't mind honestly i know what you mean though i rant my days through twitter https://t.co/rts0rexvcy
144,1053029539515908098,2018-10-18 21:06:21,@alicealderson2 it's no problem alice i've not been through what you have been through so i won't patronise you w https://t.co/rjcxt4ch1x
145,1053027231520485376,2018-10-18 20:57:10,@alicealderson2 i need it as well and more because i am a wreck these days i used to have things so switched on https://t.co/qebvlfwxh8'
146,1053026983834255362,2018-10-18 20:56:11,@alicealderson2 sorry i think i might of triggered you i apologise i can't believe the things you have been thro https://t.co/dhklzlsvgq
147,1053024259549876224,2018-10-18 20:45:22,@alicealderson2 sounds like your boundaries needed to be reinforced it sounds like you've been very open and the v https://t.co/kjol3bupix
148,1053023707101360128,2018-10-18 20:43:10,@alicealderson2 ah it's not so simple for me my mum and my siblings are great get a bit deeper into my dad's sid https://t.co/3osbahukge
149,1053023175041314816,2018-10-18 20:41:03,@alicealderson2 ah right i feel enlightened by your experience i think it's the same everywhere nice to visit b https://t.co/asq7cvq03r
150,1053022801635041285,2018-10-18 20:39:34,@alicealderson2 but i understand where you are coming from when people take the other side and don't hear you i'v https://t.co/vbmhjon8zt
151,1053022475842392064,2018-10-18 20:38:17,@alicealderson2 it's not sad i'm not doing much better lots of people turned on me in the last three years for no https://t.co/8hxxuyeb5s
152,1053022182568329216,2018-10-18 20:37:07,@alicealderson2 and i had heard so much about the friendliness of people in new zealand as well i guess when you l https://t.co/mylpovwbvo'
153,1053020613793800193,2018-10-18 20:30:53,@alicealderson2 i'm not keen on the usa i used to think it was somewhere that i could get on in i've not had the https://t.co/iadliff7nm
154,1053019421558693888,2018-10-18 20:26:08,@alicealderson2 i'm alright just a little bit bored been out with a friend for a little drink have come home wit https://t.co/lljhsoqntb
155,1053018807957110784,2018-10-18 20:23:42,@alicealderson2 the same distances are not involved i'm maybe five miles away from where i grew up but it still f https://t.co/uh7dh1zth1
156,1053018514292793345,2018-10-18 20:22:32,@alicealderson2 oh are you from the netherlands i thought you were from down there on the other side of the earth https://t.co/o1modynzzr'
157,1053018221220118532,2018-10-18 20:21:22,@alicealderson2 how are you tonight this morning
158,1053017940189212673,2018-10-18 20:20:15,@alicealderson2 it is still thursday here in the north-west of england just turned 9 20pm thanks for the sentimen https://t.co/wcfadhahf3'
159,1053014905677340672,2018-10-18 20:08:12,https://t.co/ebfoyrjcvw'
160,1053010387224932352,2018-10-18 19:50:14,hi twitter hope you are all well tonight
161,1052993625272053760,2018-10-18 18:43:38,https://t.co/hahrixrymy'
162,1052985764731076608,2018-10-18 18:12:24,in the pub having a quick pint with my neighbour https://t.co/eccg8e8zju'
163,1052981582687100928,2018-10-18 17:55:47,thinks we need a social media revolution platforms like twitter have been around a long while now and some kind o https://t.co/h3lxxop3c0'
164,1052972452496756736,2018-10-18 17:19:30,i am still not into that personal targeting with marketing it makes me feel very uneasy that the internet seems to https://t.co/xt1qesmkry'
165,1052962976087576576,2018-10-18 16:41:51,we think that you were out of order for interrupting me during my time out in college we don't think you understa https://t.co/p0rhhe8wct
166,1052962751721680896,2018-10-18 16:40:57,my friend in portugal has invited me to visit him he has a business as a wedding party dj he is state of the art https://t.co/dlgp4lkxil'
167,1052962307389775872,2018-10-18 16:39:11,we forgive those people for their errors i stand here as a coordinator for a local charity a mind member and form https://t.co/xpmcxbu8ju'
168,1052962053344952321,2018-10-18 16:38:11,my therapist has done wonders with me he has grounded me enough to realise that there was no danger ptsd responds https://t.co/xzms2ys8bf'
169,1052960361991860224,2018-10-18 16:31:28,i completed an hour of study with the open university today i was falling behind but hopefully i can catch up by https://t.co/igfeptkxd4'
170,1052887020748636161,2018-10-18 11:40:02,@shayneedson thank you for saying shayne i sometimes beat myself up for things in the past and it makes me miss wh https://t.co/m8cpbed4ac'
171,1052885823052570624,2018-10-18 11:35:16,first twitter update from my new phone just getting the hang of it
172,1052878563886686208,2018-10-18 11:06:25,got a new phone today it is app friendly unlike my last phone
173,1052682870811029504,2018-10-17 22:08:48,@alicealderson2 aw thanks for the comment yeah i do like my twitter rants xf0 x9f x98 x89
174,1052672136442200065,2018-10-17 21:26:09,i wonder if anybody even reads my tweets i wish i could turn back the clock and get the charities back that were f https://t.co/aruaaepnm4'
175,1052667288648859652,2018-10-17 21:06:53,watch me paul in this video piece by mind the mental health charity on the subject of post-traumatic stress d https://t.co/z9vuoxp6ks
176,1052621138910691328,2018-10-17 18:03:30,rt @mensmovementcom men if you are stuck in a activated state unable to calm down there is help go get search for modalities to help d
177,1052569638255513600,2018-10-17 14:38:52,really going through it right now with depression have just been talking with a friend in portugal he invited me https://t.co/5axsbu59ry'
178,1052540546856697858,2018-10-17 12:43:16,i still think david cameron was the best you felt like he was there with you in politics whatever the critique is https://t.co/bhrm7kaowj'
179,1052536140551598080,2018-10-17 12:25:45,please can you take a minute to like my new page on facebook nhttps t co ehndvmgrej
180,1052496739284987904,2018-10-17 09:49:11,men have always told lies on dating websites listening to talk radio
181,1052487580938199041,2018-10-17 09:12:48,@alicealderson2 i have friends and family thanks i just don't want to burden them with my woes
182,1052483876734390272,2018-10-17 08:58:05,@alicealderson2 hello you thank you
183,1052302672064180225,2018-10-16 20:58:02,rt @shayneedson if they're rushing you into commitment with them one way or another that's a red flag #narcissisticabuse #narcissist n
184,1052269267595522051,2018-10-16 18:45:18,my depression is hitting the roof tonight i am really coming around from the ptsd psychosis years i knew i'd feel https://t.co/xajizog6ut
185,1051978977039011841,2018-10-15 23:31:47,https://t.co/t7n6vxs7bz'
186,1051412553136578562,2018-10-14 10:01:01,really my blog is about college anyway n nto see what i've been up to for the last few years and read some mental https://t.co/geosdb6jcf
187,1051208341333118977,2018-10-13 20:29:33,hi my name is paul i have been in college since 2013 partook in a mind charity project in 2015 and through to e https://t.co/2qhwfsi6ym'
188,1050866736843640833,2018-10-12 21:52:08,rather dry #bbcpapers tonight not many big stories
189,1050853035096854529,2018-10-12 20:57:42,hi twitter how are you tonight
190,1050782779372433408,2018-10-12 16:18:31,https://t.co/oub40tngga'
191,1050782131268534272,2018-10-12 16:15:57,https://t.co/0pct6rskh1'
192,1050781085444071424,2018-10-12 16:11:47,https://t.co/i3elk8vgbg'
193,1050471799874572288,2018-10-11 19:42:48,#oucareerconfident
194,1050467086504521728,2018-10-11 19:24:04,right in the community nice and humble and a step away from the world hello to stockport mind i go to a singing https://t.co/bmyfibjxer'
195,1050322976271462400,2018-10-11 09:51:26,@martynw36090552 i understand what you are saying perhaps as they suggested on the programme last night the scope https://t.co/sqeq4f5yhr'
196,1050310292314443778,2018-10-11 09:01:02,@martynw36090552 well that was what they said about the nhs of late it was found that people whom were black were https://t.co/ipwhe4gzxr'
197,1050141385276448768,2018-10-10 21:49:51,brexit will come to define theresa may in office i can't see a very long future following the conclusion of the pr https://t.co/mzgzuilqpi
198,1050125083291860994,2018-10-10 20:45:04,yeah i like the word facilitator i facilitate i signpost people to services and sometimes i attend them myself https://t.co/a1plooiaxd'
199,1050124392301322240,2018-10-10 20:42:20,i can't see me doing support work which is like counselling i think i can do task manager signposting people on t https://t.co/6l3xekhrld
200,1050124154995916812,2018-10-10 20:41:23,yeah i think signposting as an independent and coordinating facilitating other people doing the support work is m https://t.co/ykpvdkrkvh'
201,1050098550393249792,2018-10-10 18:59:38,#mentalhealthawarenessday click to read my piece about participating with a mind video series in 2015 https://t.co/ypl1bdzud9'
202,1050067889347289090,2018-10-10 16:57:48,this #worldmentalhealthday has flown by take the opportunity to have a chat about your mental health with your mat https://t.co/bxlkmkhulk'
203,1050059707111657474,2018-10-10 16:25:17,i am a member of #mindcharity and also participated in video discusssion talking about #ptsd in 2015 for more on https://t.co/xome7tjxzu'
204,1050051775682744321,2018-10-10 15:53:46,@mindcymru hi cleo thank you for the advice and good wishes i've joined the mailing list for mind campaigns hope https://t.co/b8nkrzed1k
205,1050034486824632320,2018-10-10 14:45:05,https://t.co/q40p5vjf0f'
206,1050023501288091648,2018-10-10 14:01:25,rt @rethink_ our response to today's announcement of a new ministerial position overseeing suicide prevention read more here gt https://t....
207,1050005840525217792,2018-10-10 12:51:15,that's right mrs may there should be no place in this country for discrimination unfortunately we all feel discri https://t.co/re8vkyznio
208,1050001401286447104,2018-10-10 12:33:36,how can there be slavery going on in the uk in this day and age it's a shocking fact watching pmqs and a questio https://t.co/farjvbsvyp
209,1049995291468947457,2018-10-10 12:09:20,this government takes mental health seriously theresa may earlier today
210,1049993664330690560,2018-10-10 12:02:52,oh pmqs is back i forgot all about that let's see what they go up to earlier i only really listen to the bit wh https://t.co/nduv5ie9l0
211,1049991444293914633,2018-10-10 11:54:02,read about my battle with #chronicdepression on this #worldmentalhealthday by clicking this link https://t.co/nrihpxayoz'
212,1049987792976138240,2018-10-10 11:39:32,eh it's a lovely day out there shame summer is coming to an end i'm only just in the mood for starting it
213,1049969738355539968,2018-10-10 10:27:47,read below about my journey with talking therapies on this #worldmentalhealthday https://t.co/4mn8jj7tsm'
214,1049955624283455488,2018-10-10 09:31:42,it's world mental health day again they come around fast enough don't they i've done 4 of them out here i usuall https://t.co/mqnnexeus7
215,1049953063425982465,2018-10-10 09:21:32,happy #worldmentalhealthday2018
216,1049779440731992069,2018-10-09 21:51:37,uncomfortable with the normalisation of cannabis use at this stage not enough is known about the adverse effects i https://t.co/xzkvgjipv9'
217,1049778728602099714,2018-10-09 21:48:47,good piece about mental health checks for all pupils long overdue #bbcpapers
218,1049706531871182849,2018-10-09 17:01:54,https://t.co/egphqbisgq'
219,1049706238110523392,2018-10-09 17:00:44,another day draws to a close and i have finished my first week of open uni study several days early i am going to https://t.co/amjd4ka6km'
220,1049697312275124225,2018-10-09 16:25:16,@mindcymru hi sofia thank you for your reply i'm ruminating on how things panned out when i did something positiv https://t.co/1dzupdxtdw
221,1049690337030139904,2018-10-09 15:57:33,so it's world mental health day 2018 tomorrow and i haven't written anything for it this time i feel so depresse https://t.co/d0lbw8122f
222,1049689703656685569,2018-10-09 15:55:02,rt @mindcharity when your friends say they're fine they might not necessarily mean it #asktwice n nsuch an important new campaign from our
223,1049667213324668934,2018-10-09 14:25:40,i am going to the singing group at disability stockport this week think the six month break i've had from study wh https://t.co/mjflhycubm
224,1049639415470051329,2018-10-09 12:35:12,completed the first week of studying my open university course have to say that i am still concerned that my menta https://t.co/yyqrzhhcb4'
225,1049634106148093953,2018-10-09 12:14:06,i wish the last four years had never happened to go and do positive stuff with the reputable charity mind and hav https://t.co/bh3wwadr0k'
226,1049618813610848256,2018-10-09 11:13:20,well if nothing else nicotine patches are good hair removers
227,1049418192341389313,2018-10-08 21:56:08,39 of the cases of force used on black people in london when they only represent 13 of londoners is appalling #bbcpapers
228,1049417318831443974,2018-10-08 21:52:40,i agree with dawn foster people will feel a lot less safe with the police warning that they don't have enough mone https://t.co/xjl639nkui
229,1049411272096325632,2018-10-08 21:28:39,https://t.co/cvqavqelve'
230,1049411078311030789,2018-10-08 21:27:52,part ownership huh might need exploring
231,1049325813492060160,2018-10-08 15:49:04,i have to come out as a nice guy that has made some mistakes in how i handle being obsessed over now i am back wi https://t.co/msdqoxt7qs'
232,1049323116806197248,2018-10-08 15:38:21,charities in the news again we don't need to hear about these negative stories seeing as though i am returning to https://t.co/nbbuj8xclp
233,1049319655913996288,2018-10-08 15:24:36,https://t.co/mfmdgftv3x'
234,1049280945499656192,2018-10-08 12:50:46,https://t.co/v8gsbikl4v'
235,1049279121145192448,2018-10-08 12:43:31,me and my neighbour are talking about our fancy dress moments in life he bests me hands down he went to fancy dress as a school girl xf0 x9f x98 x82
236,1049264577911959552,2018-10-08 11:45:44,afternoon https://t.co/7wkaeuvcjx'
237,1049256202683731968,2018-10-08 11:12:27,https://t.co/dpepvg0t4b'
238,1049252738784264192,2018-10-08 10:58:41,@natwest_help hi thanks for the response since your reply i've tried a different browser and it appears to be wor https://t.co/aqiy8luxmm
239,1049250247183138816,2018-10-08 10:48:47,aw come on what's going on with all these banking problems natwest online banking is not working
240,1049245262139600896,2018-10-08 10:28:59,i think when they talk about childhood trauma in ted x videos i don't think mine compares to the horror stories yo https://t.co/gxgha9mlrh
241,1049245021659123712,2018-10-08 10:28:01,https://t.co/ax0ov1jzbq'
242,1049065943853355008,2018-10-07 22:36:26,@alicealderson2 i closed mine too but had since opened another one for my closest friends and family i tried the https://t.co/zibafhdgx0'
243,1049061698945130497,2018-10-07 22:19:34,@alicealderson2 glad you have a good understanding of when it is safe to be open online is great for many things https://t.co/gurgq6h3vg'
244,1049061334841745408,2018-10-07 22:18:07,@alicealderson2 indeed i was hoping that after the storm twitter could be a place to do just that but i spent so https://t.co/ntue0uqss1'
245,1049060293039575041,2018-10-07 22:13:59,@alicealderson2 why thank you for the compliment i rant away the days and often feel like the freak show with the https://t.co/ugsnn4kjoy'
246,1049059946543927298,2018-10-07 22:12:36,@alicealderson2 i see well being comfortable with what you say and unveil is the most important thing don't ever https://t.co/ifj30nqm6y
247,1049059002154438656,2018-10-07 22:08:51,@alicealderson2 only just learning this one myself triggers always get the better of me people press around on th https://t.co/xl9t5iktew'
248,1049058633861025792,2018-10-07 22:07:23,@alicealderson2 please do be careful although mental health encourages people to speak out about their struggles https://t.co/v66fmoe2b1'
249,1049057311539548162,2018-10-07 22:02:08,@alicealderson2 yes and i only wish that i had realised this much sooner in my plight though i am thankful for th https://t.co/butgwohvpz'
250,1049056846722609153,2018-10-07 22:00:17,@alicealderson2 be mindful that there are people out there whom would see it as a bit of an adventure to challenge https://t.co/1lap3aeuaz'
251,1049056560893374464,2018-10-07 21:59:09,@alicealderson2 indeed but being open does come with its downfalls i have found when making people aware of ptsd https://t.co/7w5sihjxob'
252,1049055578755145729,2018-10-07 21:55:15,@alicealderson2 yep better to be clinical i have found i have tried to argue out with people my boundaries and it https://t.co/behhmjnyft'
253,1049054670516342784,2018-10-07 21:51:38,@alicealderson2 no don't worry about it it's good to get away from my own troubles and converse with someone else https://t.co/hqtbycbqu2
254,1049053525756563458,2018-10-07 21:47:05,@alicealderson2 setting boundaries in later life is very difficult it tests my patience as well it's hard to rese https://t.co/fudrfz0kec
255,1049052783054397441,2018-10-07 21:44:08,absolutely shocking that the police are said to be setting targets to investigate less crime a national scandal #bbcpapers
256,1049049435970424835,2018-10-07 21:30:50,@alicealderson2 i think that it is you that have incredible courage i was a nervous wreck for years after my viole https://t.co/f3uetn4bus'
257,1049047751647023104,2018-10-07 21:24:09,@alicealderson2 i am thankful for therapy i was dubious at first but as i picked up from somewhere recently it t https://t.co/igabydltjg'
258,1049046103700754444,2018-10-07 21:17:36,@alicealderson2 random coincidence as much turned out to be it is only since my therapist has grounded me and an https://t.co/zqwudztr8i'
259,1049045894027517952,2018-10-07 21:16:46,@alicealderson2 i used to be like that but then my gut took me all over the place this is why i have been diagnos https://t.co/vmhfsgji2h'
260,1049045599474143238,2018-10-07 21:15:35,@alicealderson2 i am rarely shocked in this world anymore i have heard too much my own story is somewhat unbeliev https://t.co/q3nrt6v5od'
261,1049044599203872771,2018-10-07 21:11:37,@alicealderson2 i cannot add any words to that reply i couldn't of put it better myself
262,1049044152019820544,2018-10-07 21:09:50,@alicealderson2 well i believe what you have told me i hope you are able to find the peace you need to move on fr https://t.co/1aoav1lefl'
263,1049043635973632001,2018-10-07 21:07:47,@alicealderson2 probably in a cycle themselves of responding to that which they started only they cannot see that https://t.co/ffvlmp5j2d'
264,1049043503530070018,2018-10-07 21:07:16,@alicealderson2 i kick myself daily as despite all my experience with living with ptsd i still fell into all the https://t.co/g5el1idt8u'
265,1049042417100492800,2018-10-07 21:02:57,@alicealderson2 and how much growing do we need to do i m tired of growing why don t the perpetrators ever have https://t.co/xucs4vajlc'
266,1049041962937044992,2018-10-07 21:01:08,@alicealderson2 that is a proper psychological head-fuck if ever i seen one
267,1049040945457582080,2018-10-07 20:57:06,@alicealderson2 don t worry about it in hindsight it seems trivial but somehow it had me you know
268,1049040514165760000,2018-10-07 20:55:23,@alicealderson2 strangely i am actually somewhat over that event now it was the second of two violent events that https://t.co/ceitvjscii'
269,1049039979752693768,2018-10-07 20:53:16,@alicealderson2 have you never felt that getting stronger is just psychology trying to dress a negative as somethin https://t.co/jpvrdvxttg'
270,1049039381594603521,2018-10-07 20:50:53,@alicealderson2 however the psychological abuse i have suffered in recent years the last 3 made me so unwell and https://t.co/hsdnvdxhtt'
271,1049039023023509504,2018-10-07 20:49:27,@alicealderson2 i'm at a loss for words as to how to respond to this it's been ten years since my last violent pts https://t.co/xldi1hlann
272,1049038209949290496,2018-10-07 20:46:14,@alicealderson2 i have a little way to go in that department i will trigger to almost anything these days i'm suc https://t.co/jp0baqajd2
273,1049037200573288448,2018-10-07 20:42:13,@alicealderson2 i have a similar problem with some of my perpetrators in that they were forever triggering me with https://t.co/hyy2k31y5b'
274,1049036561550069760,2018-10-07 20:39:41,@alicealderson2 i liked your tweet because you said you had stuck to your guns of course i am gutted that they dec https://t.co/bdhey4qh4m'
275,1049036100923211777,2018-10-07 20:37:51,@alicealderson2 this is particularly poignant to me because my ptsd took everything happening to me as a threat to https://t.co/n0khegkfx5'
276,1049033204907368448,2018-10-07 20:26:20,@alicealderson2 in other words i relate to your eye-opening experience at least if not your actual experiences i https://t.co/gve7bhrmal'
277,1049031929616633858,2018-10-07 20:21:16,@alicealderson2 and most likely be the guilty party in whatever the particular matter is i have fallen into this t https://t.co/iyrbbafxzs'
278,1049031682601472001,2018-10-07 20:20:17,@alicealderson2 and the fact that i apparently have this attitude makes me vulnerable because anyone can approac https://t.co/nwkvr5l0wb'
279,1049031519820546048,2018-10-07 20:19:39,@alicealderson2 my experiences are nothing like yours and so i do not intend to patronise but from my own experie https://t.co/2t65jw4xie'
280,1049031038545088512,2018-10-07 20:17:44,@alicealderson2 the stereotypical victim doesn't exist what perhaps makes people vulnerable is that they don't fit https://t.co/izyiugrc2b
281,1049030669245054976,2018-10-07 20:16:16,@alicealderson2 i believe in you i think people are too sceptical of that which they are frightened of i have als https://t.co/i9xurbmebf'
282,1049028125559087104,2018-10-07 20:06:09,@alicealderson2 you're right to be weary i would think that some drug pushers particularly of the harder variety https://t.co/1p3sx7wmqz
283,1049027424422436868,2018-10-07 20:03:22,@alicealderson2 i'm not surprised i thought i was only going through cptsd symptoms but it turns out there was a https://t.co/hgwqugueba
284,1049026839770013696,2018-10-07 20:01:03,@alicealderson2 i don't know what to say other than i am so sorry for what you have gone through no one should ha https://t.co/8fsvbgvyxl
285,1049023019639885829,2018-10-07 19:45:52,@alicealderson2 it's certainly helping more than any other medication has done so thus far but it would be nice if https://t.co/orwklvo8o4
286,1049021375938277377,2018-10-07 19:39:20,@alicealderson2 maybe it's because i have been there before recreationally and feel that i have put that part of m https://t.co/we8ew4g4s2
287,1049020602928058368,2018-10-07 19:36:16,@alicealderson2 thank you for the chats i appreciate you taking the time xf0 x9f x98 x8a
288,1049019171307180032,2018-10-07 19:30:34,@alicealderson2 ah right thanks for the heads-up
289,1049019114084360192,2018-10-07 19:30:21,@alicealderson2 with mdma the last time i took it was before my second ptsd incidence in life so that's over 10 y https://t.co/rcqwgjsc3r
290,1049015798524760065,2018-10-07 19:17:10,@alicealderson2 that's the fear that i have from taking these kinds of drugs i have ultra bad side effects off of https://t.co/pa17ohgiae
291,1049015513593122816,2018-10-07 19:16:02,@alicealderson2 thank you for your insight it's interesting what you have said about rewiring i've not heard of c https://t.co/vlj3xuf0dj
292,1049014874616090625,2018-10-07 19:13:30,https://t.co/i31opmothw'
293,1048989280549388289,2018-10-07 17:31:48,https://t.co/mgzdl2blgb'
294,1048988267213934595,2018-10-07 17:27:46,i don't know about mdma with ptsd as in the video i just watched who comes up with these things i don't want to t https://t.co/y77kklljd8
295,1048985449107218434,2018-10-07 17:16:34,i don't like taking even prescribed medication for my ptsd i think the more drugs you take the more side effects https://t.co/9g1ruknkf1
296,1048984223032508416,2018-10-07 17:11:42,i'm not sure about mdma for ptsd either when i used to take drugs i used to have heavy side effects and terrible https://t.co/klcktuqgm8
297,1048983986134032389,2018-10-07 17:10:46,no sertraline was terrible for my ptsd watching a video saying that it is prescribed for ptsd
298,1048980523924774912,2018-10-07 16:57:00,https://t.co/cgkcyxntg0'
299,1048883142885625857,2018-10-07 10:30:03,i'm so happy to be in mental health services and be making sense out of the world being grounded with normal exper https://t.co/oeikzdmjnq
300,1048647373541597185,2018-10-06 18:53:11,@alicealderson2 ah thank you doing my best hope you are having a good evening
301,1048643535845695489,2018-10-06 18:37:56,@alicealderson2 thank you for your sentiments i appreciate that you have taken the time to put your thoughts acros https://t.co/pljboafcjh'
302,1048630687606231040,2018-10-06 17:46:53,my neighbour thinks the tedx talks are bullshit i happen to like them
303,1048629723830607872,2018-10-06 17:43:03,https://t.co/b956zoesop'
304,1048618327319478273,2018-10-06 16:57:46,https://t.co/lqowvpytas'
305,1048618228824596480,2018-10-06 16:57:22,i never thought about things like that what about the people helped by the mind mental health video i focus on t https://t.co/oehvd0sg54'
306,1048611642924306432,2018-10-06 16:31:12,the past is just a term for things that are no longer happening and don t exist your mind has been confusing the https://t.co/ztvzqucosv'
307,1048608241205370880,2018-10-06 16:17:41,https://t.co/orc5jbd5ys'
308,1048607996702588928,2018-10-06 16:16:43,that's a good video it says to ask what not why instead of asking why do i have something that appears like perso https://t.co/zaonhmbaec
309,1048603879330463744,2018-10-06 16:00:21,https://t.co/c8cxfnqk0r'
310,1048603824783548416,2018-10-06 16:00:08,that's an interesting video self deception i think we are all probably guilty of some self deception i think som https://t.co/jvqeiy7veu
311,1048601139665620992,2018-10-06 15:49:28,wow these videos are amazing i can't believe it i am diagnosed with childhood trauma chronic adult trauma chro https://t.co/wtgomodred
312,1048600278751227904,2018-10-06 15:46:03,https://t.co/4shb0stl9b'
313,1048599395023900677,2018-10-06 15:42:32,i think ptsd is deep enough in adult life it's a revelation to realise i had childhood trauma no child should go https://t.co/oyznkk2rwe
314,1048598935525347329,2018-10-06 15:40:42,i'm fucked up me i've had childhood trauma i've had adult trauma i've had repeated cptsd periods and several sep https://t.co/brwl5x6uxs
315,1048598114440032258,2018-10-06 15:37:27,wow these videos make even more sense now throw a dose of psychosis into the mix with ptsd and you've got a sever https://t.co/wsaae97ucs
316,1048597208449343489,2018-10-06 15:33:51,https://t.co/zmzjiwru9h'
317,1048596848599027713,2018-10-06 15:32:25,there are no tests that i have on my computer that measure psychosis now i know more about psychosis i wish there https://t.co/pwqb8jpif2'
318,1048596380372094978,2018-10-06 15:30:33,my score of 38 for ptsd when coming after events is a more true reflection of where my ptsd is on a day to day normal life basis
319,1048596174771572743,2018-10-06 15:29:44,scores above 30 are said to show the likely presence of ptsd i used to do these tests during triggers and my score https://t.co/1gqhpkvdcl'
320,1048595356311805953,2018-10-06 15:26:29,it's been a while since i did a impact of events scale ies-r test in testing where my ptsd currently is this is https://t.co/qzim6ic6ub
321,1048593851206836224,2018-10-06 15:20:30,https://t.co/ynbthvldhz'
322,1048587855549927424,2018-10-06 14:56:41,that s why i was triggering in violent outbursts so much i really must of had psychosis and it was triggering m https://t.co/itrkducbmh'
323,1048587626507374592,2018-10-06 14:55:46,so how does that leap happen from cptsd and being harassed online triggered in ptsd through to psychosis and be https://t.co/vkpjvojktb'
324,1048587128379232257,2018-10-06 14:53:47,https://t.co/mkqsiaficl'
325,1048587011005845504,2018-10-06 14:53:19,let me watch him again his ted talk was too short i was very interested in that video
326,1048586910673883136,2018-10-06 14:52:55,that's psychosis bringing your experience to the table and judging all events that happen next it makes sense n https://t.co/bmrvybxqnf
327,1048582779066306560,2018-10-06 14:36:30,let's learn about psychosis and see if it rings true for me nhttps t co mkqsiaficl
328,1048582169810161665,2018-10-06 14:34:05,https://t.co/kjhpsxp4ig'
329,1048187009028771840,2018-10-05 12:23:51,https://t.co/s03bfolqlj'
330,1048185919839379457,2018-10-05 12:19:32,on my travels https://t.co/v6rogwbuqx'
331,1048140596244832261,2018-10-05 09:19:26,so today i have an appointment with a nurse at my doctor's surgery about giving up smoking i don't think i am rea https://t.co/ysc0fvnxm5
332,1047968684243865606,2018-10-04 21:56:19,phillip hammond has his work cut out in the coming budget but wasn t the end of austerity a conditional pledge f https://t.co/vezbrskv7e'
333,1047964403780468736,2018-10-04 21:39:18,what's it like living with #ptsd click the video by @mindcharity to find out https://t.co/n2jiopbvdm\n #cptsd https://t.co/us7zbms1sl
334,1047955443736354817,2018-10-04 21:03:42,@lyrndah @mthriving @gaslightingefct @shayneedson i've followed them thank you for the heads up hope you have a w https://t.co/8zlfymd5r9
335,1047952901182803968,2018-10-04 20:53:36,i can go on a rant-a-thon on here my therapist however encouraged me to mix a little more across my life but old https://t.co/vr6jnwy9cm'
336,1047951154875916288,2018-10-04 20:46:39,i think i should clear up some of my twitter feed having paused for thought and reflected that it's probably not helpful to my situation
337,1047950793855455235,2018-10-04 20:45:13,@lyrndah thank you i am a very reactive person it frustrates me a lot but hopefully as you suggest i will get through this
338,1047948866946060289,2018-10-04 20:37:34,whoops i forget i've got followers now i'm used to doing this on a blank page firing out my critique at the abus https://t.co/jwphmdkrza
339,1047947458385514496,2018-10-04 20:31:58,@lyrndah thank you to be fair and balanced i did have some fault in matters myself but at least i can hold up my https://t.co/zwwqcuiplt'
340,1047945540011536385,2018-10-04 20:24:21,i'm glad to get that off my chest because you have you've stalked and harassed for years now this would be the f https://t.co/yt6qtfabnf
341,1047943554662842368,2018-10-04 20:16:27,it s helped me to heal a little bit realising that i got it wrong with the whole industry it s just my genre th https://t.co/cybfvx6moj'
342,1047936643997609985,2018-10-04 19:49:00,that intervention has just made me want to be a better person
343,1047931982951469059,2018-10-04 19:30:29,@wpmtese what a coincidence and you were so nice to me the other day as well small world near the field and swim https://t.co/sqlv5dhbbb'
344,1047821208094478339,2018-10-04 12:10:18,a linked haiku poem that i wrote in 2014 #nationalpoetryday https://t.co/rpa3jept01'
345,1047819140596215808,2018-10-04 12:02:05,rt @timetochange people like me lie when we're not fine because we don't want to make our depression someone else's problem n n ask twice
346,1047817389000286208,2018-10-04 11:55:07,https://t.co/oizcjwpunj'
347,1047816125625643009,2018-10-04 11:50:06,https://t.co/4mn8jj7tsm'
348,1047807500026859521,2018-10-04 11:15:49,rt @mindcharity how would you feel if you got letters telling you your benefits will stop and you could have as little as a month to make
349,1047804565582741504,2018-10-04 11:04:10,rt @charitysane rt if you agree https://t.co/bnjpn6vqki'
350,1047796867420119040,2018-10-04 10:33:34,i've found that my friendly style is actually part of my mental illness apparently i'm too open my therapist agr https://t.co/o1ugwihkad
351,1047631973026619394,2018-10-03 23:38:21,i'm having another sleepless night the radio is helping though
352,1047620772783644673,2018-10-03 22:53:50,that's my fix of news done i think i need to get off the computer soon my course starts this week and the first part is all textbook
353,1047613481929904131,2018-10-03 22:24:52,he shouldn't of done that president trump it's not what you do the woman doesn't necessarily want all that atte https://t.co/uclchbspor
354,1047610243499380736,2018-10-03 22:12:00,i've watched a spider building a web how fast the little blighter is as well it's nearly done it in about 20 minutes
355,1047606295849783298,2018-10-03 21:56:19,@billybirdshome perhaps sharp
356,1047604845899862016,2018-10-03 21:50:33,theresa may showed that she actually can be light-hearted when she danced today at the conservative conference #bbcpapers
357,1047602459567443968,2018-10-03 21:41:04,@kmnjsn thanks for the tip i must of missed your post i took some sleeping tablets instead xf0 x9f x99 x82
358,1047244799785488385,2018-10-02 21:59:51,ganging up on theresa may shows how disloyal the tories can be it seems like they chose their fall guy when they https://t.co/nxkpuaafuo
359,1047228561294278656,2018-10-02 20:55:20,feeling the xf0 x9f x92 x97 xc2 xa0from my friends and family tonight it's nice to have a top up when suffering with #depression and #anxiety
360,1047225991238701057,2018-10-02 20:45:07,listening to #talkradio with james whale amp ash they're talking about reclaiming words i had tried this once and f https://t.co/nyaxbx2her
361,1047206357659729922,2018-10-02 19:27:06,i believe in equality for all though at times my #ptsd triggers get the better of me and can seem abusive my th https://t.co/r84ji6d4u1'
362,1047205357809012738,2018-10-02 19:23:08,interesting read through the #getthetoriesout hash tag i don't think that they are going anytime soon we would ne https://t.co/glkclpn8fk
363,1047182319826743296,2018-10-02 17:51:35,in the wait my mental health deteriorated with me acting out of character i had suffered some abuse online but r https://t.co/ahkkmhzkva'
364,1047181989659533318,2018-10-02 17:50:16,3 years ago i participated in a video on ptsd with mind the mental health charity for me this was the beginning https://t.co/ciuuaggyxf'
365,1047158205535735809,2018-10-02 16:15:46,when i watch politics i feel like what is the point in all this it all seems so pointless i dislike how politic https://t.co/xb1kzxoayx'
366,1046933681066127360,2018-10-02 01:23:35,insomnia back with a bang
367,1046882213147684864,2018-10-01 21:59:04,physics is a subject that anybody can get involved with it is not the privilege of men dubious about the so-calle https://t.co/uahk51krbz'
368,1046879768329826304,2018-10-01 21:49:21,boris is relentless in his ambition #bbcpapers
369,1046863334874787840,2018-10-01 20:44:03,https://t.co/xj3n80vhld'
370,1046845656013447169,2018-10-01 19:33:48,https://t.co/4mn8jj7tsm'
371,1046842832357666816,2018-10-01 19:22:35,twitter i'm in therapy my therapist suggested that it was time to mix a little bit he said a little bit because https://t.co/2kylifdfzm
372,1046834735643852801,2018-10-01 18:50:24,oh by the way i support women in their campaigns for equality however as a man i sometimes feel that some of th https://t.co/yqhusokhm0'
373,1046834270260617217,2018-10-01 18:48:33,can you believe that they use stun guns on the mentally ill i guess if you are irate as a mental health patient t https://t.co/i5vqgzp2uw'
374,1046833709566103552,2018-10-01 18:46:20,police used stun guns on mentally ill patients 96 times in a year https://t.co/ldyrbwjdiz'
375,1046822794770731009,2018-10-01 18:02:57,fiscal firepower i hear you phillip we shall see
376,1046822760083800065,2018-10-01 18:02:49,hammond is an honourable tory now is the time to show it phillip inman https://t.co/i8dvhqqawy'
377,1046773755429699584,2018-10-01 14:48:06,david cameron the conservative party don't we miss these now how long has he been gone a little over two years
378,1046356090508759040,2018-09-30 11:08:26,rt @rethink_ the mental health act turns 35 today will you meet your mp to help us improve the act it's not as daunting as it sounds and
379,1046352012277960707,2018-09-30 10:52:14,no i can't see it i can't see a labour government i don't want to think about it i don't think they're ready h https://t.co/8wiazx7ipj
380,1046347244071518209,2018-09-30 10:33:17,i can't imagine looking to labour mps as ministers in government i just can't i can't imagine tom watson strollin https://t.co/j6ctbpr2sx
381,1046346943381803008,2018-09-30 10:32:06,burning injustices do you know what if labour was even under ed miliband i might be into it now i just can't st https://t.co/nu4g71bayo
382,1046155610381852672,2018-09-29 21:51:48,@masochisticmyo if civilians have ptsd it implies it's probable crime such as assaults or abuse it used to be spo https://t.co/plreqjwzhe
383,1046145735543181312,2018-09-29 21:12:34,nope i think my career in the adult industry is over xf0 x9f x98 x9c
384,1046133474447511555,2018-09-29 20:23:51,@wpmtese thank you for the good vibes needed it tonight i am finding the training useful but i don't do it nearl https://t.co/tuzkfxg8ot
385,1046132916957442048,2018-09-29 20:21:38,@masochisticmyo it is a sad state of affairs that so many civilians are getting ptsd these days
386,1046129033262641159,2018-09-29 20:06:12,@wpmtese thank you for your kind tweet i think i have a good therapist we've been through thick and thin in the l https://t.co/jggc63djvv
387,1046123040839553029,2018-09-29 19:42:23,https://t.co/4mn8jj7tsm'
388,1046122518493491200,2018-09-29 19:40:19,@poeticjustice23 nice one fella you too mate
389,1046119087385038849,2018-09-29 19:26:41,i thought ptsd was so niche that i wouldn't find many others with it on twitter it looks like i am wrong btw i h https://t.co/fggzda32fj
390,1046116097290891264,2018-09-29 19:14:48,thanks for the new follows i do blogs about my life there are blogs about my achievements in college studies but https://t.co/g1pyrzgwij'
391,1046110465527558151,2018-09-29 18:52:25,@gwoman9810 you're welcome
392,1046046683023519744,2018-09-29 14:38:58,yeah i think i need to talk to my therapist about the difference between psychosis and paranoia i'm not so sure w https://t.co/xph8guhgaq
393,1045764112142274561,2018-09-28 19:56:08,is the guardian not centre left anymore is that not where it is positioned middle class lefties
394,1045763310036164608,2018-09-28 19:52:57,what's #boycotttheguardian about i love a good moan about the press what have they done now
395,1045752556956323841,2018-09-28 19:10:13,george galloway talking about the depression of wages due to movement of labour increased rent do to the influx of https://t.co/vtg7jae18g'
396,1045476746722725893,2018-09-28 00:54:15,my talking therapy sessions cover several therapeutic techniques including cbt cbasp amp mct read about my progres https://t.co/wigeilntyc'
397,1045466767257153537,2018-09-28 00:14:35,i think if you are removing everyone from your life and isolating yourself deep into the community you live in pt https://t.co/kci3vsgh8a'
398,1045466482648510464,2018-09-28 00:13:27,i don't regret deleting all my followers but for one disclaimer i wasn't deleting them because they had done anyt https://t.co/ri9bmku7ku
399,1045466177278021639,2018-09-28 00:12:15,i remember when all the charities made me paranoid imagine pushing away what you really would quite like around yo https://t.co/qjn7vct5xn'
400,1045465644655923205,2018-09-28 00:10:08,https://t.co/aqk9dhsjqt'
401,1045459903966597125,2018-09-27 23:47:19,hi twitter i have complex ptsd and i suppose in tandem incidental ptsd events leading to that other form of chr https://t.co/czcgfrgynb'
402,1045169041910976512,2018-09-27 04:31:32,my psychosis relates unrelated marketing to marketing i have experienced and fuses them together so my psychosis https://t.co/yzauighzyp'
403,1045071538662363136,2018-09-26 22:04:05,good to hear matt hancock talk about domestic politics hinting that once a brexit deal is out of the way the gove https://t.co/mx7dlb2uas'
404,1045070882073391104,2018-09-26 22:01:29,i think it was a decent enough speech from jeremy corbyn today he did what he needed to do including stating vary https://t.co/6y3ztpfmua'
405,1045059415911649287,2018-09-26 21:15:55,https://t.co/xetjyakkne'
406,1045059324920442881,2018-09-26 21:15:33,computer so far no windows install yet just bios screen start up https://t.co/8czixwczzo'
407,1044950996882018304,2018-09-26 14:05:06,the childcare policy announcement was insightful #labourconference2018
408,1044931543070900225,2018-09-26 12:47:48,i have a bios screen finally https://t.co/fnmku0ygmm'
409,1044893759601823744,2018-09-26 10:17:40,cbasp cognitive behavioral analysis system of psychotherapy n nthat's the latest therapy type i am undergoing
410,1044715204611895297,2018-09-25 22:28:09,self blame it's supposed to be a big thing in mental health suffice to say it means more in practice than it does https://t.co/p1ojup9mzs
411,1044714740910620673,2018-09-25 22:26:18,the news makes my therapy seem like nothingness verbally abusive to people and vulgar i say so because i've ment https://t.co/ryt6np3ndv
412,1044712088688611334,2018-09-25 22:15:46,jeremy corbyn will need to do more than say something radical in his speech tomorrow policy ideas seem more like e https://t.co/xnqy3qo31g'
413,1044707297921052673,2018-09-25 21:56:44,https://t.co/dathnvcj6v'
414,1044702126482558978,2018-09-25 21:36:11,i can t help but think of george carlin when i think of labour he said something like once it was give every chil https://t.co/d6zpgwt8tr'
415,1044634742375817216,2018-09-25 17:08:25,good on you j doing everything you can to combat racism so he says well i like the sentiment but society is aw https://t.co/foi9uwyyfc'
416,1044632326733484032,2018-09-25 16:58:49,rt @mindcharity when it comes to social housing those of us with mental health problems are more likely to be discriminated against by ho
417,1044599836438392832,2018-09-25 14:49:43,mental health in the community we try to make it fun auditions on the webcam https://t.co/e9vw3the0q'
418,1044596699312861184,2018-09-25 14:37:15,michael is speaking to a gentleman at disability stockport about attending a ukulele group he hopes to improve his https://t.co/3i2klpsu7n'
419,1044592534666850305,2018-09-25 14:20:42,https://t.co/9l1ivinpqf'
420,1044591185430491136,2018-09-25 14:15:20,https://t.co/hiimdeqhj9'
421,1044568728048996352,2018-09-25 12:46:06,michael my friend and neighbour says that he is glad that my career isn't going to be in politics he knows i am https://t.co/q4k9cexkwi
422,1044564969503813632,2018-09-25 12:31:10,michael is quite impassioned in his political discourse with me today he believes all journalists are liars micha https://t.co/nazjnnjmwz'
423,1044564397799206913,2018-09-25 12:28:54,michael thinks all politicians are lying bastards michael is 53 year old man former joiner whom went into earl https://t.co/hjhejwjdox'
424,1044561199428501504,2018-09-25 12:16:11,my neighbour says he likes being integrated back into the community he likes the staff at disability stockport he https://t.co/idzppzje8l'
425,1044539407154458624,2018-09-25 10:49:35,what's this timeline feature on my windows surface i've just found it how interesting
426,1044348237354799105,2018-09-24 22:09:57,mcdonnell's plan for mandatory shares for workers being shot out of the water by experts sums up the labour confere https://t.co/shtkyeul8s
427,1044301602390253568,2018-09-24 19:04:38,i am following a programme of stuff for as long as i need to that means if i cancel studies it might be insightf https://t.co/kern5rbviz'
428,1044297007903305728,2018-09-24 18:46:23,therapy seems to slot with my plans it's like having a career development officer you tell them about your bad t https://t.co/dhxcmucbvf
429,1044293195801264130,2018-09-24 18:31:14,what can you do for these i know keep well away from them when they come near mental health walk the other way https://t.co/y2omuwmbfe'
430,1044292684951760896,2018-09-24 18:29:12,this labour party conference is getting a battering isn't it i'm just tuning in on bbc parliament today
431,1044290115974123521,2018-09-24 18:19:00,no when i've been irate in my tweets in the past the underlying metacognition was losing time and resenting losin https://t.co/14pe3ici8q
432,1044279998985785344,2018-09-24 17:38:48,aw these plans sound a bit odd labour
433,1044279780999393281,2018-09-24 17:37:56,i just burst out laughing when this expert called mcdonnell's plan the wrong plan listening to the news r e 10 o https://t.co/jf4xxzdu0s
434,1044237632467865600,2018-09-24 14:50:27,my neighbour thinks i'm narcissistic because i took a laptop photograph of me with my open university work booklet https://t.co/bxzabz6tew
435,1044175612586397698,2018-09-24 10:44:00,i don't like my politics being so active in the sectors that i we are trying to operate in i like politics to be o https://t.co/hodidw2fnw
436,1044163933962211328,2018-09-24 09:57:36,received my #openuniversity access module starter pack #new2ou https://t.co/frwphp2ubs'
437,1044106685114208256,2018-09-24 06:10:06,in to a bit of a habit here bed early up early it's a bit too early
438,1043982489239375872,2018-09-23 21:56:36,ah the daily mail never one for opportunism at labour's expense i agree with their fundamental point though in https://t.co/paoynourrs
439,1043978085102694401,2018-09-23 21:39:06,looking forward to catching tomorrow's news today with #bbcpapers this evening
440,1043975300231700480,2018-09-23 21:28:02,no episodes of psychosis are no good what a coincidence that mind charity has been talking about psychosis and i https://t.co/giinkomwss'
441,1043973052558712833,2018-09-23 21:19:06,i have campaigned alongside #mindcharity to improve understanding of #ptsd i am grateful to the media's coverage o https://t.co/wilxoo31v2
442,1043972016892776449,2018-09-23 21:14:59,occupational therapy shame mine isn't as exciting as in #bodyguard episodes of psychosis infused with ptsd are di https://t.co/2xpmisrwbn
443,1043964488725254145,2018-09-23 20:45:04,watching #bodyguard and can see why people rate it it's very gripping in its climax episode
444,1043956183252504576,2018-09-23 20:12:04,feel like i'm off the pulse when i say i haven't watched any episodes of #bodyguard i am watching the last episode now though
445,1043953422007963648,2018-09-23 20:01:06,i thought i had done enough detoxing with the stopping what on reflection now seems like binge drinking it appears https://t.co/afy5wcjcw2'
446,1043951748522659841,2018-09-23 19:54:27,waking up to the realities of living with #ptsd some of the illness that come with it is sobering i would like https://t.co/hofjggma3b'
447,1043937000884228096,2018-09-23 18:55:51,as a campaigner in the mental health field when the political stories drop from the powers that be i can't help https://t.co/sggtgyzocm
448,1043934833767059456,2018-09-23 18:47:14,i think if jeremy corbyn was more open about his his party's shortcomings in regard to antisemitism that he person https://t.co/vmy2dhavpu
449,1043930375989465094,2018-09-23 18:29:31,dangerous policy talk that i know on the surface increased taxes for second homes seems like a good policy i can https://t.co/xkysfzkpjk'
450,1043926718883532801,2018-09-23 18:14:59,living with #ptsd is very difficult ptsd is a debilitating condition that brings about physical symptoms of being https://t.co/izv1yqtcdl'
451,1043924887872655360,2018-09-23 18:07:43,what's it like living with #ptsd click the video by mind the mental health charity to find out https://t.co/jouwhd3jvw
452,1043881660767440896,2018-09-23 15:15:56,@mindyerheid that's nice of you to say thank you and greetings from stockport
453,1043880609767190529,2018-09-23 15:11:46,@mindyerheid thank you for the follow back
454,1043876075867123712,2018-09-23 14:53:45,it's taken all morning to get rid of this migraine thank f for that it was really wearing me down
455,1043875964751675392,2018-09-23 14:53:18,ah i had such a headache this morning they're not normal headaches for those whom are left whom still read the m https://t.co/nvuskolsju
456,1043860573883158528,2018-09-23 13:52:09,with a diagnosis of #ptsd i support #mindcharity with reducing #mentalhealth stigma in society https://t.co/zviugw4wjx'
457,1043847244779331585,2018-09-23 12:59:11,well this is one of the more painful headaches i've had i can barely sit down without pain shooting through my head
458,1043844406267326464,2018-09-23 12:47:54,i've not been this ill for a little while this is how it began for these services this year maybe i should be fr https://t.co/ws3omny1l3
459,1043835190706098177,2018-09-23 12:11:17,i forgot how ill i was secondary care is no joke i feel really ill if i can just get rid of the headache
460,1043834610067615744,2018-09-23 12:08:59,aw i've just been sick all over the bathroom banging headache i don't know what is up with me
461,1043826685743910912,2018-09-23 11:37:29,a banging headache what is this
462,1043604617014247424,2018-09-22 20:55:04,rt @stockportmind big mental health survey 2018 #mind is inviting people to take part in its big mental https://t.co/6wrmgv4qgs'
463,1043516347869741056,2018-09-22 15:04:19,well that's my day done i don't know where the days go these days
464,1043488998432432128,2018-09-22 13:15:38,me and my friend gemma having a natter about going to singing for fun next week at #disabilitystockport https://t.co/tp3mbisssq'
465,1043268870012907520,2018-09-21 22:40:56,mrs may showed some backbone with her downing street statement today maybe this is her bloody difficult streak showing #bbcpapers
466,1043244246323671040,2018-09-21 21:03:05,oh my god what's this new ukip merchandise xf0 x9f x98 x82
467,1043082632400130048,2018-09-21 10:20:53,i can't believe how prevalent psychosis appears to have been in my life it was everywhere in everything i did i https://t.co/jzxjvjqhab
468,1043079973467291648,2018-09-21 10:10:19,it is you don't even tamper with the police they're just too powerful if i had my time again i would not have e https://t.co/efcel423di
469,1043078722507694080,2018-09-21 10:05:21,that's out of order that imagine the psychological distress this story about undercover police officers dating wo https://t.co/tq0kvr76ei
470,1043076924069896192,2018-09-21 09:58:12,who'd have though that recycling plastic would be so complex #victorialive
471,1043066963759693824,2018-09-21 09:18:38,they're talking about a no deal scenario r e brexit i have had enough of this entire process surely a people's https://t.co/3ls5jjucre
472,1043001629341974535,2018-09-21 04:59:01,what is this time of the morning i don't need waking up at this time morning
473,1042794451352150016,2018-09-20 15:15:46,i am using my #surfacepro in my living room for the first time https://t.co/x0vsug6aba'
474,1042783106330189824,2018-09-20 14:30:41,the psychosis posse you have to do it in an exaggerated mancunian accent for the effect i can't believe i've had https://t.co/d6tj7pjmrk
475,1042761401868136448,2018-09-20 13:04:26,i like this song that we sung in singing for fun at #disabilitystockport today nhttps t co yngpd 1el1g
476,1042755913789128704,2018-09-20 12:42:37,have just attended singing for fun at #disabilitystockport the group is operated by #stockportmind and volunteer https://t.co/zl09izids3'
477,1042714982494953472,2018-09-20 09:59:59,currently for sale on ebay nasrock extreme 9 x79 motherboard nhttps t co 9bsjtq86ip
478,1042710537224810496,2018-09-20 09:42:19,we have we've been discussing a lot in regard to mental health i don't want my therapist to leave it's like havi https://t.co/gfcfpwtkhh
479,1042703891278823424,2018-09-20 09:15:54,my friend and former joiner michael we have been talking about #mentalhealth in the community https://t.co/gcf0hpgqqq'
480,1042552974923317248,2018-09-19 23:16:13,https://t.co/4mn8jiqi3m'
481,1042453086747467776,2018-09-19 16:39:18,rt @mindcharity social housing should be a lifeline for those of us that need it but too often those of us with mental health problems fi
482,1041778224517328899,2018-09-17 19:57:38,brilliant discussion on the radio about the benefits of cbd in cases of epilepsy i've heard about the benefits of https://t.co/rjiz8j4b5n
483,1041447948478029824,2018-09-16 22:05:14,attention training done for today i never do it enough the therapist said twice a day once a day is difficult enough to slot in
484,1041441882864267264,2018-09-16 21:41:08,the tories have never been too clever with northern ireland perhaps that's why it took a labour leader to bring ab https://t.co/oqmrrleojs
485,1041271115790921728,2018-09-16 10:22:34,i think vince cable is doing alright every time he speaks i cannot help thinking that he is very insightful
486,1041265761711517696,2018-09-16 10:01:18,hmm i don't know it sounds like people are changing their tune because of all these campaigns which show that the https://t.co/7piwin7b8m
487,1041260754794504197,2018-09-16 09:41:24,ah they've got all the big guys on marr i'm on time delay
488,1041093920971739136,2018-09-15 22:38:28,the deal that theresa may negotiates should face some kind of vote when politicians cite will of the people the https://t.co/prtqq2c29x
489,1040719735279808512,2018-09-14 21:51:35,labour could no more deliver a good brexit deal as it could deliver a stable government #bbcpapers
490,1040659374417563648,2018-09-14 17:51:44,rt @mindcharity it can be distressing if you're worried about someone who feels suicidal you may feel unsure of what to do but there are
491,1040659265885749250,2018-09-14 17:51:18,rt @mindcharity today we launch #mentalhealthatwork a new online gateway to resources and information developed by mind and @heads_toget
492,1040658914549882880,2018-09-14 17:49:54,rt @mindcharity it can be frightening when your anger overwhelms you share these techniques to help someone who may be struggling to mana
493,1040646398344081410,2018-09-14 17:00:10,my mum got the stockport gallery but it's years away again it's making me think about my photographs and well i https://t.co/9mus28x69f
494,1039468826717511680,2018-09-11 11:00:55,attention training technique for use in metacognitive therapy nhttps t co wnh 80a2cpn
495,1039444237950087169,2018-09-11 09:23:12,#tuesdaythoughts thankful for another day where i can work towards positive goals following mental health illness relapse
496,1039242181071065088,2018-09-10 20:00:18,read my blog about mental health stigma on this #worldsuicidepreventationday nhttps t co tbxe 3eqybh
497,1039215793681125376,2018-09-10 18:15:27,rt @rethink_ this world suicide prevention day we're supporting the campaign to change the language we use when talking about suicide to
498,1039123457001365504,2018-09-10 12:08:32,just read about sweden it should be a cause for concern that migration is a divisive issue in europe clearly the https://t.co/co5ilhdakk'
499,1039119352543567872,2018-09-10 11:52:14,i just bumped into a friend from a mental health group that i used to go to it has refocused me to start living in https://t.co/4cy6q6numx'
500,1038915871715078145,2018-09-09 22:23:40,https://t.co/bw6i9oun4r'
501,1038898506747006983,2018-09-09 21:14:40,what a shame about sweden i'm sorry but the eu should really be taking note freedom of movement is driving euro https://t.co/gfa2txsbk5
502,1038892749913812993,2018-09-09 20:51:47,https://t.co/pj2jvjl8wd'
503,1038873997675520000,2018-09-09 19:37:17,half eight pitch black it doesn't take long for summer to end does it all that complaining about too hot all of https://t.co/weyxszdlj1
504,1038861820403109888,2018-09-09 18:48:53,what is it like to live with post-traumatic stress disorder find out by watching this short film produced by mind https://t.co/ffgc7ev3xz'
505,1037759377413955588,2018-09-06 17:48:10,rt @mentalhealth have you seen we've got a new podcast series n non episode one we're joined by elitsa dermendzhiyska who talks about work
506,1037474063017492481,2018-09-05 22:54:26,this film is keeping me on the edge of my seat with jump scares the possession of michael king
507,1036160080868200448,2018-09-02 07:53:08,peace of mind 25th february 2016 nhttps t co wjjr 5kv5ys
508,1036159196650250240,2018-09-02 07:49:38,https://t.co/ozsskoki1j'
509,1036158993478115328,2018-09-02 07:48:49,https://t.co/xj3n80vhld'
510,1036158446469566464,2018-09-02 07:46:39,https://t.co/thrht8c7hp'
511,1036059775577071617,2018-09-02 01:14:34,https://t.co/3payu2gxdy'
512,1035856950389551104,2018-09-01 11:48:36,it's like i've forgotten how to do computers this one is proving to be a bastard it's the hydro cooling system https://t.co/z535ay0hga
513,1033811608345169921,2018-08-26 20:21:09,i support @mindcharity with their work in supporting people like me whom have raging battles with mental ill health https://t.co/rbrjwgddax'
514,1032573112066424832,2018-08-23 10:19:48,how is it after an alcoholic drink the night before coffee tastes hanging
515,1032374020304338944,2018-08-22 21:08:41,https://t.co/gkch8rbbqc'
516,1032282035992371200,2018-08-22 15:03:10,https://t.co/pul04mhdxt'
517,1032232363697348608,2018-08-22 11:45:48,i have sent my funding application in order to enrol on an open university access module in science technology and maths
518,1031950596243435521,2018-08-21 17:06:09,the amazing cancer-fighting benefits of curcumin https://t.co/xivobns0tl'
519,1031931980693352449,2018-08-21 15:52:11,this resource is brilliant now if the computer was up to scratch these days this is the old system and i've only https://t.co/wiygcsly2z
520,1030949224085684225,2018-08-18 22:47:03,i am watching prime suspect 1973 i rarely watch tv but the last few nights my sleeping pattern has shifted to being awake too late
521,1030766118942728192,2018-08-18 10:39:28,25 simple tips to make your diet healthier nhttps t co jjdyqms 7ce
522,1030629572419747840,2018-08-18 01:36:52,10 proven health benefits of turmeric and curcumin nhttps t co ul9w77gbxs
523,1030082199352225792,2018-08-16 13:21:48,https://t.co/kalvpl8c4a'
524,1030080322178887680,2018-08-16 13:14:21,https://t.co/ozsskoki1j'
525,1029785816959201280,2018-08-15 17:44:05,forgive me my sense of humour eludes people online i am joking when i cite i am in for 50 of people's pip claims https://t.co/iy25lb6nlk
526,1026244458705313792,2018-08-05 23:12:00,https://t.co/za5gtwzv6x'
527,1026167366407868422,2018-08-05 18:05:40,from my mum's art exhibition today https://t.co/k68lgibq9t
528,1025427001811853319,2018-08-03 17:03:43,awaiting an intel i7 8700k processor before transferring current computer components to the new computer here n n a https://t.co/ind7jfpbjw'
529,1025338080478355456,2018-08-03 11:10:22,rt @parsonagetrust 2 new exhibitions open this weekend at the parsonage previews sun 5 august @parsonagetrust #didsbury #manchester https
530,1025078946591846401,2018-08-02 18:00:40,post-traumatic stress disorder nhttps t co sfutq 4vx2p https://t.co/0exomk53jq'
531,1025076118146232321,2018-08-02 17:49:26,metacognitive therapy nhttps t co aoe 3en2y5w https://t.co/xzqlqhpih1'
532,1025032145063043072,2018-08-02 14:54:42,celebrated manchester artist phyllis exhibits her work with the didsbury parsonage trust manchester 5th of august https://t.co/sdsy9vrven'
533,1025030945043345410,2018-08-02 14:49:56,i must use attention training techniques twice a day for the next week as part of my metacognitive therapy this i https://t.co/1aw4mymwqi'
534,1024975783679406080,2018-08-02 11:10:44,cognitive attentional syndrome
535,1024404832214495238,2018-07-31 21:21:59,@redcarib007 they get hold of illegal guns and people struggle enough with that number although knife crime had g https://t.co/iglu3j9o2j'
536,1024404550277586944,2018-07-31 21:20:51,@redcarib007 i don't think that will stop knife crime in its tracks naturally they are legally available product https://t.co/1n90mehun3
537,1024404297122033664,2018-07-31 21:19:51,@redcarib007 the reasoning used to be something along the lines of boys are boys and go to the woods and go campi https://t.co/v47qyfkbrs'
538,1024404035829411841,2018-07-31 21:18:49,@redcarib007 interesting concept there i might of thought that showing id would work i know amazon ask for id sca https://t.co/xhxs6upoyq'
539,1024374582059380736,2018-07-31 19:21:46,@redcarib007 they probably do need to crack down on it to sell the weapons that get used in so much youth crime i https://t.co/43padhsfxj'
540,1024374309970698240,2018-07-31 19:20:42,@redcarib007 it's been around for a long while we must of been about 14 when we were able to go into manchester ci https://t.co/7b9vowwpxi
541,1023970685050408960,2018-07-30 16:36:50,in win tempered glass pc chassis https://t.co/lm7c5knnbn'
542,1020831943699648513,2018-07-22 00:44:36,https://t.co/xj3n80vhld\n #smeuk n #mentalhealthawarenessuk n #healthandsocial
543,1020830499420459008,2018-07-22 00:38:51,#smeuk
544,1019704837351596032,2018-07-18 22:05:53,@matti_colley and there are people there that can make up a future government but when you look at the leadership https://t.co/szmojbbiwh'
545,1019704068783124481,2018-07-18 22:02:49,@matti_colley their dream is in danger of running out of steam and no natural successor lined up we need more than https://t.co/cpqdwkwmdm'
546,1019703183160070144,2018-07-18 21:59:18,@matti_colley i think fresh blood an obvious talent stream and being able to pass a progressive vision on are all https://t.co/wvbco7lq9d'
547,1019702217039851520,2018-07-18 21:55:28,@matti_colley i certainly think overall they've not spent enough time and effort in structuring the party and appe https://t.co/rwelbrcdnj
548,1019701773395734528,2018-07-18 21:53:42,@matti_colley it's the same old faces isn't it jeremy has done well but has he really got another two or three yea https://t.co/ongb0rnv4e
549,1019700509199028224,2018-07-18 21:48:41,@matti_colley i have a feeling though the tories are more prepped with the talent stream of leaders in wait so to s https://t.co/x7jptpxdon'
550,1019699779763363840,2018-07-18 21:45:47,@matti_colley well it's just going to happen isn't it i think people can get too lost in it all they'll just tran https://t.co/gi9je5tral
551,1019697572158558208,2018-07-18 21:37:00,@matti_colley i look forward to the opportunity that the first part of brexit closing offers in moving into transi https://t.co/iew56i8tno'
552,1019697337172717568,2018-07-18 21:36:04,@matti_colley i agree primarily with the easy ground that most would agree with fund the nhs improve mental healt https://t.co/fbonisfy9p'
553,1019697051418931202,2018-07-18 21:34:56,@matti_colley they need to address more than just the social issues we are all too aware of there's having the rig https://t.co/i1sytkdnok
554,1019696837572349953,2018-07-18 21:34:05,@matti_colley the ambitions of those whom were 20 something when the recession hit whom are now 30 something or eq https://t.co/jjyucx8nod'
555,1019696644013613057,2018-07-18 21:33:19,@matti_colley i'm more thinking i just want brexit out of the way then i would like parties to draw up new mandate https://t.co/o1ht4egcgp
556,1019695065139220481,2018-07-18 21:27:03,@matti_colley do you mean what ambitions i just think they may touch on the correct issues on the national scale https://t.co/skdsitx08f'
557,1019693614987870209,2018-07-18 21:21:17,@matti_colley good stuff they need to do something you can't end the decade banging the same drum you went into i https://t.co/neba63ovwr
558,1019691728473911296,2018-07-18 21:13:47,@matti_colley which is the demographic i fit in and i couldn't agree with what you've said more in regard to what https://t.co/gwkwzbumcx
559,1019690423948840961,2018-07-18 21:08:36,@matti_colley i think it'll be alright i think it's a lot of scaremongering it's like talk of the y2k bug to me https://t.co/jle4qasewt
560,1019689398135386112,2018-07-18 21:04:32,@matti_colley nice one i'm just thinking aloud drink in hand i agree it seems like people will have waited for c https://t.co/ylugnhkbq2
561,1019241469796855813,2018-07-17 15:24:37,celebrated manchester artist phyllis exhibits her work with the didsbury parsonage trust manchester 5th of august https://t.co/zoodkcltpr'
562,1019147715937275904,2018-07-17 09:12:04,celebrated manchester artist phyllis exhibits her work with the didsbury parsonage trust manchester 5th of august https://t.co/4ufxhl7ceu'
563,1018414099695329280,2018-07-15 08:36:57,a conservative socialist maybe i am one of them socialist policies like the nhs and the welfare system but a bal https://t.co/wyfdyfbwuo'
564,1018267928888856576,2018-07-14 22:56:07,i am a mental health advocate for @penninecarenhs ni am in-service being treated by their eit team
565,1018264975327088640,2018-07-14 22:44:23,an account of my life from 2013 onwards can be read here it includes subjects including study mental health and t https://t.co/qjk44vohs8'
566,1017676536600809472,2018-07-13 07:46:08,how is #majordepression caused is it one thing or a culmination of factors click to read about my own experience https://t.co/ljgptnbkvx'
567,1017661386724380674,2018-07-13 06:45:56,https://t.co/xterqzb1mt'
568,1017656598901215233,2018-07-13 06:26:54,i like the rain let it rain let it pour wash out
569,1017523656539459584,2018-07-12 21:38:39,https://t.co/xlxmkjda4s'
570,1017523392239558657,2018-07-12 21:37:36,https://t.co/634arxgtqe'
571,1017523085505978368,2018-07-12 21:36:22,https://t.co/dhoqafk8dh'
572,1017051058340880384,2018-07-11 14:20:42,https://t.co/n2ty5upva9'
573,1017050201046036480,2018-07-11 14:17:18,https://t.co/xlxmkjda4s'
574,1015575805643063297,2018-07-07 12:38:35,https://t.co/1ccfkp4aag'
575,1015562032773500928,2018-07-07 11:43:51,https://t.co/dqikws4eap'
576,1015551127822233600,2018-07-07 11:00:31,https://t.co/eo1ypmhej8'
577,1015545075680661504,2018-07-07 10:36:28,https://t.co/wdquaahocu'
578,1015544171816464384,2018-07-07 10:32:53,https://t.co/swm8zzugsq'
579,1015322414929072129,2018-07-06 19:51:42,https://t.co/dv8c0djfmu'
580,1015297674126512128,2018-07-06 18:13:23,https://t.co/guctpk0tdu'
581,1015255631685709826,2018-07-06 15:26:19,https://t.co/uwvrlysi0h'
582,1015255572017569793,2018-07-06 15:26:05,https://t.co/wc4hx6szgl'
583,1015124137063444480,2018-07-06 06:43:49,https://t.co/jtmo6pjtj2'
584,1014611254256848897,2018-07-04 20:45:48,how is #majordepression caused is it one thing or a culmination of factors click to read about my own experience https://t.co/18lhayayfs'
585,1014602589655138307,2018-07-04 20:11:22,cognitive behavioural therapy 4th july 2018 nhttps t co 544pdl84l8 n #anxiety #cptsd #depression #mentalhealth https://t.co/ddcygeetxg'
586,1014149752580165638,2018-07-03 14:11:57,anxiety disorders 1st july 2018 nhttps t co hsfybvjib 1 n #anxiety #cptsd #depression #mentalhealth #psychology https://t.co/wmcg1m2umh'
587,1014148559028015106,2018-07-03 14:07:13,a matter of trust 29th june 2018 nhttps t co mezmnxrcth n #anxiety #cptsd #depression #mentalhealth #psychology https://t.co/1wztfnzrt5'
588,1014146169067507715,2018-07-03 13:57:43,association amp hyper-vigilance 29th june 2018 nhttps t co frlhmecqdv n #cptsd #mentalhealth #mindcharity #ptsd https://t.co/n3fmfvofqo'
589,1014145951001382912,2018-07-03 13:56:51,emotional dysfunction nhttps t co xterqzb 1mt n #anxiety #cptsd #depression #mentalhealth #psychology #ptsd https://t.co/xdxowh9irf'
590,1014145406014574592,2018-07-03 13:54:41,medication 3rd july 2018 nhttps t co xlxmkjda 4s n #anxiety #cptsd #depression #mentalhealth #mindcharity #ptsd https://t.co/afdi6leul4'
591,1013885857479184385,2018-07-02 20:43:20,fatigue amp burnout 2nd july 2018 nhttps t co n2ty5upva9 https://t.co/rxtgpstvfq'
592,1013780626942709765,2018-07-02 13:45:11,anger amp ptsd 2nd july 2018 nhttps t co 634arxgtqe https://t.co/gzq29ja1up'
593,1013671816878022656,2018-07-02 06:32:48,the word no 30th june 2018 nhttps t co pljutm 33kv https://t.co/fjaqimkgfl'
594,1013454534126063616,2018-07-01 16:09:24,association amp hyper-vigilance 29th june 2018 nhttps t co frlhmecqdv https://t.co/d8q7ivnsnd'
595,1013454072345714688,2018-07-01 16:07:34,a matter of trust 29th june 2018 nhttps t co mezmnxrcth https://t.co/qrwpk3lmnp'
596,1013453755528962048,2018-07-01 16:06:19,anxiety disorders 1st july 2018 nhttps t co hsfybvjib 1 https://t.co/ak05cwxo5s'
597,1012993465347641344,2018-06-30 09:37:17,certificate in team leading 30th june 2018 nhttps t co 0dzcwrmsqr https://t.co/vqs3dyqpax'
598,1008422164176031745,2018-06-17 18:52:34,https://t.co/cxl3hlpjq0'
599,1008420972855259137,2018-06-17 18:47:50,couch chorus n #justforfun #music #vocal #acapella #folk #irish #mancunian #song #creativearts #manchesterday https://t.co/dceem3iwbk'
600,1008407849393905664,2018-06-17 17:55:41,https://t.co/x6bqddzaf6'
601,1008397490712993794,2018-06-17 17:14:31,https://t.co/ppgthiixm4'
602,1008394600321609729,2018-06-17 17:03:02,an expression of the problem not thee problem nhttps t co sc4xdyndqp
603,1008393627754795009,2018-06-17 16:59:10,https://t.co/cebru1h9lg'
604,1008382847806332929,2018-06-17 16:16:20,https://t.co/ouels2x1ea'
605,1008382155163164672,2018-06-17 16:13:35,https://t.co/a3dhhiaopt'
606,1008374107111677954,2018-06-17 15:41:36,happy #manchesterday https://t.co/m7nengwujk'
607,1008357436095434752,2018-06-17 14:35:21,https://t.co/e0n31xhayx'
608,1008269402398183425,2018-06-17 08:45:32,happy father's day then da
609,1008268162461327360,2018-06-17 08:40:37,lasagne at #wetherspoons https://t.co/gbimigbsug'
610,1007679881700835328,2018-06-15 17:43:00,current mood thinking about cognitive behavioural therapy starting in july
611,1007679550871031809,2018-06-15 17:41:41,depression 24th august 2015 nhttps t co vb1hdkeo3v https://t.co/wmgx0qme8u'
612,1007679374689210368,2018-06-15 17:40:59,summer respite 19th july 2017 nhttps t co nyzcku 5mqv https://t.co/ftelkzdq7m'
613,1007662390857617408,2018-06-15 16:33:30,i forgot to ask about dual diagnosis
614,1007623951156211713,2018-06-15 14:00:45,our work is done mental health boundaries
615,1006957141352239107,2018-06-13 17:51:05,#journal and #diarymanagement in the home mental health lives https://t.co/qlaqtyzddk'
616,1006646492520644608,2018-06-12 21:16:41,https://t.co/mzgcrv09q9'
617,1006644736164233217,2018-06-12 21:09:42,peace of mind 25th february 2016 nhttps t co 6dy1b4r447 https://t.co/u0pdkainet'
618,1006566366986547200,2018-06-12 15:58:17,continuing professional development june 2018 nhttps t co 0pd5bmugpd https://t.co/jpz0tqofos'
619,1006369830415536130,2018-06-12 02:57:19,#ptsdawarenessmonth https://t.co/lzw337vnv4'
620,1006368533813579781,2018-06-12 02:52:10,cognitive approach 14th december 2016 nhttps t co 1guos6hgmo https://t.co/hcvondmerp'
621,1006305876070854656,2018-06-11 22:43:11,mental health i am in stockport eit services and have been classed as in service since january the 24th i could https://t.co/ydhsaqwxib'
622,1006286845095940098,2018-06-11 21:27:34,leaps amp bounds 12th july 2017 nhttps t co shjawdznzt https://t.co/6wf8ykrooe'
